{
  "state_01": [
    0.267343670129776,
    -0.44599947333335876,
    -0.049386922270059586,
    -3.137540817260742,
    -1.2128199338912964,
    -2.1515519618988037,
    0.0
  ],
  "state_99": [
    0.7798489928245544,
    0.4258222281932831,
    0.7818753123283386,
    3.1375579833984375,
    0.9004266262054443,
    1.9337313175201416,
    0.9911894202232361
  ]
}